{"cameraMode":{"drawMode":0,"name":"Shaded","section":"Shading Mode"},"sceneLighting":false,"audioPlay":false,"sceneViewState":{"showFog":true,"showMaterialUpdate":false,"showSkybox":false,"showFlares":true,"showImageEffects":true,"showParticleSystems":true},"in2DMode":false,"pivot":{"x":7.851951599121094,"y":-4.535159587860107,"z":-8.339792251586914},"rotation":{"x":0.0000656235424685292,"y":0.9683473110198975,"z":-0.2496441751718521,"w":0.00029499238007701933},"size":1.7320507764816285,"orthographic":false}