{"cameraMode":{"drawMode":0,"name":"Shaded","section":"Shading Mode"},"sceneLighting":false,"audioPlay":false,"sceneViewState":{"showFog":true,"showMaterialUpdate":false,"showSkybox":false,"showFlares":true,"showImageEffects":true,"showParticleSystems":true},"in2DMode":false,"pivot":{"x":3.6256837844848635,"y":4.579489707946777,"z":2.121701240539551},"rotation":{"x":0.2406386435031891,"y":-0.7164404988288879,"z":0.2947455048561096,"w":0.5848702788352966},"size":5.409269332885742,"orthographic":false}