{"cameraMode":{"drawMode":0,"name":"Shaded","section":"Shading Mode"},"sceneLighting":false,"audioPlay":false,"sceneViewState":{"showFog":true,"showMaterialUpdate":false,"showSkybox":false,"showFlares":true,"showImageEffects":true,"showParticleSystems":true},"in2DMode":false,"pivot":{"x":-0.564394474029541,"y":1.3574528694152833,"z":3.067051887512207},"rotation":{"x":0.3275499641895294,"y":0.6239761114120483,"z":-0.32404476404190066,"w":0.6312589645385742},"size":1.8640949726104737,"orthographic":false}