{"cameraMode":{"drawMode":0,"name":"Shaded","section":"Shading Mode"},"sceneLighting":false,"audioPlay":false,"sceneViewState":{"showFog":true,"showMaterialUpdate":false,"showSkybox":false,"showFlares":true,"showImageEffects":true,"showParticleSystems":true},"in2DMode":false,"pivot":{"x":-2.9802322387695315e-8,"y":4.470348358154297e-8,"z":4.470348358154297e-8},"rotation":{"x":0.017667634412646295,"y":0.9780094623565674,"z":-0.18587136268615724,"w":0.09299783408641815},"size":0.2598075866699219,"orthographic":false}